50001,Anjali Dutta,32,anjali.dutta@gmail.com,+91 7942265186,5
50002,Amit Malhotra,34,amit.malhotra@yahoo.co.in,+91 7104320456,3
50003,Rakesh Sara,29,rakesh_sara@yahoo.co.in,+91 7394598495,2
50004,Aaditya Rastogi,58,aaditya.rastogi@hotmail.com,+91 7964115471,3
50005,Shivani Nara,49,shivani.nara@hotmail.com,+91 7596350332,1
50006,Kunal Sandeep,35,kunal.sandeep@gmail.com,+91 9398277075,4
50007,Suhani Soni,59,suhani.soni@gmail.com,+91 7881928227,4
50008,Tanya Kapoor,29,tanya.kapoor@gmail.com,+91 8100336653,5
50009,Pavithra Naran,44,pavithra.naran@gmail.com,+91 8120769537,3
50010,Aastha Jai,48,aastha_jai@gmail.com,+91 9008910480,5
50011,Abhishek Neelam,35,abhishek.neelam@daiict.ac.in,+91 7409059095,1
50012,Anusha Raji,29,anusha.raji@hotmail.com,+91 9190407474,1
50013,Sakshi Shan,33,sakshi.shan@hotmail.com,+91 7103471631,2
50014,Nitin Raje,41,nitin.raje@hotmail.com,+91 8439422585,4
50015,Rohit Verma,50,rohit_verma@yahoo.co.in,+91 7899298126,3
50016,Pranav Tyagi,49,pranav.tyagi@yahoo.co.in,+91 7426118924,1
50017,Kumar Jana,33,kumar_jana@hotmail.com,+91 8560274213,4
50018,Yash Lata,62,yash_lata@gmail.com,+91 9342087038,5
50019,Aswini Neela,21,aswini.neela@daiict.ac.in,+91 7365233830,1
50020,Amit Raman,28,amit.raman@hotmail.com,+91 8202152649,4
50021,Rohit Jindal,35,rohit.jindal@gmail.com,+91 9921811081,1
50022,Nitin Shan,35,nitin.shan@yahoo.co.in,+91 8654313577,2
50023,Raj Madan,47,raj.madan@yahoo.co.in,+91 7573123232,2
50024,Mary Sahni,57,mary.sahni@yahoo.co.in,+91 8128550609,5
50025,Riya Suri,56,riya_suri@hotmail.com,+91 7486648436,3
50026,Ramya Nara,42,ramya.nara@hotmail.com,+91 9046101466,5
50027,Rahul Nara,64,rahul_nara@hotmail.com,+91 8972098794,2
50028,Anusha Rastogi,22,anusha_rastogi@gmail.com,+91 7146565958,5
50029,Aastha Tyagi,62,aastha_tyagi@yahoo.co.in,+91 8730640242,1
50030,Kumar Sahni,63,kumar_sahni@hotmail.com,+91 8053629321,4
50031,Nitin Chauhan,53,nitin_chauhan@yahoo.co.in,+91 7386957240,5
50032,Amit Lalit,57,amit.lalit@gmail.com,+91 7406692207,3
50033,Shyam Goel,30,shyam_goel@yahoo.co.in,+91 9964523330,2
50034,Aaditya Roy,57,aaditya.roy@hotmail.com,+91 8486412969,2
50035,Radhika Muthu,39,radhika_muthu@yahoo.co.in,+91 7247506814,3
50036,Sam Suri,47,sam.suri@gmail.com,+91 8118625705,5
50037,Shyam Chauhan,22,shyam.chauhan@daiict.ac.in,+91 8729235602,5
50038,Priya Madan,62,priya_madan@gmail.com,+91 8971074649,3
50039,Tanu Joshi,35,tanu_joshi@gmail.com,+91 9016098108,2
50040,Radhika Pal,38,radhika_pal@yahoo.co.in,+91 7726735818,3
50041,Soham Srini,35,soham.srini@yahoo.co.in,+91 8642121754,1
50042,Nitin Shan,64,nitin.shan@yahoo.co.in,+91 8316587184,4
50043,Divya Sehgal,57,divya_sehgal@hotmail.com,+91 9268280500,3
50044,Divya Dhawan,22,divya.dhawan@gmail.com,+91 9434029195,2
50045,Neha Sehgal,40,neha_sehgal@hotmail.com,+91 9345958034,3
50046,Ashish Malik,23,ashish_malik@hotmail.com,+91 7457986687,2
50047,Ankit Roy,47,ankit.roy@daiict.ac.in,+91 9890069895,4
50048,Tanvi Krishnamurthy,32,tanvi_krishnamurthy@yahoo.co.in,+91 7953321270,3
50049,Deepak Nita,39,deepak_nita@yahoo.co.in,+91 9256019824,4
50050,Sanjana Samuel,46,sanjana.samuel@hotmail.com,+91 7094828095,4
50051,Abhishek Ganesh,49,abhishek_ganesh@daiict.ac.in,+91 8552698814,2
50052,Natasha Tyagi,58,natasha_tyagi@gmail.com,+91 7718538788,4
50053,Leah Raje,53,leah.raje@daiict.ac.in,+91 8849832757,1
50054,Ishita Saxena,65,ishita.saxena@yahoo.co.in,+91 9587401486,4
50055,Naveen Tyagi,46,naveen_tyagi@yahoo.co.in,+91 9340529604,1
50056,Amit Ranga,49,amit_ranga@gmail.com,+91 8542924572,2
50057,Priyanka Samuel,26,priyanka_samuel@yahoo.co.in,+91 8357445757,5
50058,Sakshi Kapoor,37,sakshi_kapoor@daiict.ac.in,+91 8834262968,1
50059,Riya Ganesh,40,riya_ganesh@hotmail.com,+91 7816191401,3
50060,Diya Engineer,49,diya.engineer@hotmail.com,+91 7360521960,4
50061,Shreya Patel,57,shreya.patel@gmail.com,+91 9940493471,3
50062,Rahul Srivastava,33,rahul.srivastava@daiict.ac.in,+91 8029079456,4
50063,Raj Chandrasekar,30,raj.chandrasekar@hotmail.com,+91 8813062169,5
50064,Naveen Nirmal,26,naveen.nirmal@gmail.com,+91 7944104879,1
50065,Naveen Nita,41,naveen_nita@hotmail.com,+91 8249017854,4
50066,Divya Persaud,34,divya.persaud@hotmail.com,+91 9313195546,1
50067,Vinay Ranga,64,vinay.ranga@gmail.com,+91 7456227321,2
50068,Suhani Kumar,54,suhani_kumar@gmail.com,+91 9694155350,5
50069,Mahesh Dutta,27,mahesh_dutta@daiict.ac.in,+91 9273193777,5
50070,Raj Chauhan,30,raj.chauhan@yahoo.co.in,+91 8663379589,1
50071,Shyam Rana,47,shyam_rana@yahoo.co.in,+91 7214467785,2
50072,Diya Mati,21,diya_mati@yahoo.co.in,+91 9543289982,3
50073,Vishal Subram,32,vishal.subram@gmail.com,+91 8024097131,1
50074,Priya Swami,42,priya.swami@daiict.ac.in,+91 9538393678,4
50075,Yash Samuel,21,yash.samuel@daiict.ac.in,+91 7389002714,3
50076,Mayank Subram,35,mayank_subram@daiict.ac.in,+91 7945583422,4
50077,Tanvi Muthu,33,tanvi.muthu@gmail.com,+91 7275160677,4
50078,Ankur Sai,57,ankur_sai@daiict.ac.in,+91 9201993936,1
50079,Rakesh Srivastav,47,rakesh_srivastav@gmail.com,+91 7725787681,4
50080,Pranav Anand,52,pranav_anand@hotmail.com,+91 9249852030,2
50081,Shivangi Rai,50,shivangi.rai@gmail.com,+91 9724447036,5
50082,Tanya Neela,39,tanya.neela@gmail.com,+91 9806184087,3
50083,Kalyani Rajan,59,kalyani_rajan@yahoo.co.in,+91 7758653415,1
50084,Aastha Ranga,39,aastha_ranga@daiict.ac.in,+91 7372249553,3
50085,Jay Krishnamurthy,47,jay.krishnamurthy@yahoo.co.in,+91 9902782942,2
50086,Vikas Pal,36,vikas.pal@yahoo.co.in,+91 9779802390,1
50087,Deepak Pawan,26,deepak.pawan@daiict.ac.in,+91 7512132918,4
50088,Naveen Chander,46,naveen.chander@daiict.ac.in,+91 8146278353,3
50089,Isha Puri,25,isha.puri@yahoo.co.in,+91 9514453219,5
50090,Sam Persaud,64,sam.persaud@daiict.ac.in,+91 7376876324,2
50091,Radhika Kapoor,24,radhika.kapoor@hotmail.com,+91 9597976235,5
50092,Ramya Saini,48,ramya.saini@gmail.com,+91 8166692519,5
50093,Prateek Verma,28,prateek_verma@yahoo.co.in,+91 9775994177,3
50094,Karan Dhawan,59,karan_dhawan@gmail.com,+91 8564250325,2
50095,Aishwarya Anand,36,aishwarya_anand@yahoo.co.in,+91 9731696430,2
50096,Mayank Lal,21,mayank.lal@gmail.com,+91 7947448423,2
50097,Siya Gandhi,36,siya.gandhi@yahoo.co.in,+91 7986030989,2
50098,Radhika Rajagopal,20,radhika.rajagopal@daiict.ac.in,+91 8639473312,3
50099,Soham Sethi,37,soham_sethi@gmail.com,+91 9192804673,1
50100,Abhishek Narang,60,abhishek_narang@hotmail.com,+91 7303102952,4
